pdb_code,Light_chain,Heavy_chain,ag
4jan,B,A,I
1g9m,L,H,G
1g9n,L,H,G
1gc1,L,H,G
1rzj,L,H,G
1rzk,L,H,G
1yyl,L,H,G
1yym,L,H,G
2b4c,L,H,G;C
2cmr,L,H,A
2i5y,Q,R,P
2i60,L,H,G
2nxy,C,D,A
2nxz,C,D,A
2ny0,C,D,A
2ny1,C,D,A
2ny2,C,D,A
2ny3,C,D,A
2ny4,C,D,A
2ny5,L,H,G
2ny6,C,D,A
2ny7,L,H,G
2qad,C,D,A
3csy,F,E,L;K
3gbm,L,H,B;A
3hi1,L,H,G
3idx,L,H,G
3idy,C,B,A
3jwd,O,P,B
3lzf,L,H,A
3ma9,L,H,A
3ngb,C,B,A
3p30,L,H,A
3ru8,L,H,X
3sdy,L,H,B;A
3se8,L,H,G
3se9,L,H,G
3tyg,L,H,A
3u2s,L,H,G
3u7y,L,H,G
3w9e,B,A,C
3ztn,L,H,A;B
4dag,L,H,A
4dqo,L,H,C
4dvr,L,H,G
4fp8,M,I,B
4gxu,N,M,A
4hf5,L,H,A
4hfu,L,H,A
4hg4,O,N,C
4i3r,L,H,G
4i3s,L,H,G
4j6r,L,H,G
4jb9,L,H,G
4jdt,L,H,G
4jhw,L,H,F
4jkp,L,H,G
4jm2,C,D,E
4jpv,L,H,G
4jpw,L,H,G
4kht,L,H,A
4khx,L,H,A
4kvn,L,H,A
4lsp,L,H,G
4lsq,L,H,G
4lsr,L,H,G
4lss,L,H,G
4lst,L,H,G
4lsv,L,H,G
4mwf,B,A,D
4o58,L,H,A
4olu,L,H,G
4olv,L,H,G
4olw,L,H,G
4olx,L,H,G
4oly,L,H,G
4olz,L,H,G
4om0,L,H,G
4om1,L,H,G
4ot1,L,H,A
4p9h,L,H,G
4py8,J,I,B;A
4r2g,M,N,A
4r4f,L,H,A
4r4n,G,F,E
4rfo,L,H,G
4rwy,L,H,A
4rx4,L,H,G
4s1r,L,H,G
4s1s,L,H,G
4tvp,L,H,G
4ubd,T,S,R;U
4ut6,M,I,B
4uta,L,H,B
4utb,M,I,B
4xak,E,D,B
4xi5,C,D,B;A
4xmp,L,H,G
4xnm,A,B,D
4xny,L,H,G
4xnz,L,H,G
4xrc,A,B,D
4xvs,L,H,G
4xvt,L,H,G
4ybl,C,B,A
4yc2,C,B,A
4ydi,L,H,G
4ydk,L,H,G
4ydl,C,B,A
4ye4,L,H,G
4yfl,L,H,G
4yk4,B,C,A
4ywg,M,I,Q
4zs6,D,C,B
5a3i,H,G,E
5c6t,L,H,A
5cd5,D,C,A
5cez,L,H,G
5cjq,L,H,B;A
5cjx,C,A,J;K
5dum,L,H,A
5dup,L,H,A
5dur,L,H,C
5esv,L,H,G
5eu7,D,F,B
5f96,L,H,G
5f9o,L,H,G
5f9w,C,B,A
5fec,L,H,I
5fyl,E,D,B
5gjs,L,H,B;A
5gjt,L,H,B;A
5gmq,C,B,A
5gzn,D,C,B;G
5gzo,D,C,B
5hj3,N,M,L;K
5i9q,C,B,A
5ibl,D,C,F
5igx,L,H,G
5jw3,L,H,B;A
5jw4,X,W,L;K
5k9k,L,H,F
5k9o,L,H,I
5k9q,L,H,B
5kan,L,H,B;C
5kjr,L,H,G
5kw9,L,H,A
5lcv,L,H,A;B
5n09,M,I,B
5t33,L,H,G
5t3z,L,H,G
5te4,L,H,G
5te6,L,H,G
5te7,L,H,G
5tpn,L,H,A
5u7m,L,H,G
5u7o,L,H,G
5udc,C,B,A
5uem,L,H,G
5ug0,C,D,A
5ugy,M,I,C
5um8,E,D,B
5umn,F,E,A
5uqy,C,D,A
5usl,L,H,X
5utf,E,D,B
5uty,E,D,B
5v7j,E,D,B
5vag,B,C,A
5vgj,L,H,G
5vic,L,H,E
5vig,L,H,Z
5vk2,E,D,c;C
5vkd,L,H,A
5vob,L,H,D;B
5voc,L,H,D;B
5w08,L,K,C
5w0d,C,B,A
5w1k,K,L,J
5w1m,C,D,T
5w2b,L,H,A
5w42,L,H,A
5w4l,E,D,G
5w6d,L,H,G
5w6g,L,H,A
5wb9,L,H,G
5wko,L,K,W;T
5xhv,L,H,E
5xku,B,C,A
5y11,B,A,C
5y2l,J,I,B;A
5y2m,L,K,E;B
6a4k,M,I,B
6apb,L,H,C;A
6b0n,E,D,G
6b9j,B,A,Y
6bck,L,H,G
6bf4,C,B,A
6bkb,L,H,E
6bkc,L,H,E
6bkd,L,H,E
6bp2,L,H,A
6c6z,L,H,B
6ch7,E,D,B
6ck9,L,H,G
6cmg,B,C,A
6cmi,C,D,B
6d0u,I,H,G
6dc3,L,H,F
6dc5,I,H,G
6dcq,L,H,B;A
6dfi,L,H,E
6dfj,L,H,E
6e3h,L,H,B;A
6e4x,Y,Z,B
6fy1,L,H,G
6iea,L,H,A
6ieq,E,D,B
6ii4,L,H,A
6ii8,K,J,E
6ii9,Q,P,E
6iut,L,H,A
6iuv,D,C,B
6iw2,L,K,J
6lxj,N,M,D
6lxk,K,J,C
6mco,E,D,B
6mdt,E,D,B
6meh,L,H,C
6mei,L,H,C
6mej,L,H,C
6mek,E,F,C
6mfp,L,H,G
6mg7,L,H,G
6ml8,L,H,A
6mtn,L,H,G
6mto,L,H,T
6mtq,L,H,T
6mu6,L,H,G
6mu7,L,H,G
6mu8,E,D,B
6muf,L,H,G
6mug,L,H,G
6n81,L,H,A
6n8d,B,D,A
6nnf,L,H,G
6nnj,V,U,G
6nz7,I,G,F;E
6oc3,D,C,E
6ocb,L,H,A
6oe4,F,E,D
6oej,C,B,A
6ofi,L,H,G
6opo,L,H,A
6opq,L,H,A
6ous,R,Q,F;E
6oz2,L,H,G
6oz3,L,H,G
6oz9,L,H,B;A
6p3r,D,C,E
6p3s,D,C,E
6p91,L,H,a;A
6p95,E,D,a;A
6pdx,N,M,B
6plk,L,H,E
6pze,L,H,A
6pzf,L,H,A
6q0e,L,H,A
6q0h,L,H,A
6q0i,L,H,A
6q0l,L,H,A
6q0o,B,Z,A
6q1z,L,H,A
6q20,L,H,A
6q23,L,H,A
6s3d,D,C,M
6uig,C,B,A
6ur5,B,A,C
6urh,L,H,C
6urm,L,H,F
6uta,B,A,C
6ute,D,C,S
6utk,E,D,T
6uyd,L,H,E
6uyf,L,H,E
6uyg,L,H,E
6uym,L,H,E
6uyn,L,H,B;A
6v4n,G,C,M
6v4o,B,A,I
6vi0,L,H,G
6vlw,L,H,G
6vn1,N,J,C
6vug,C,D,B
6vy4,D,C,B
6vy5,L,H,A
6vy6,L,H,A
6w03,L,H,G
6w16,L,H,F
6w41,L,H,C
6w4m,L,H,G;N
6w52,L,H,B;A
6wds,L,H,C;A;B
6wdt,L,H,A;C;B
6wex,L,H,F;E
6wez,L,H,B;A
6wf0,L,H,B;A
6whk,B,C,A
6wix,E,D,B
6wj1,K,J,D;C
6wo3,L,H,E
6wo4,L,H,E
6wo5,D,C,F
6woq,D,C,F
6wxl,J,K,I;G
6x58,D,C,F
6xc2,Y,X,Z
6xc3,L,H,C
6xc4,L,H,A
6xc7,D,C,A
6xe1,L,H,E
6xey,K,J,C
6xkp,N,M,B
6xkq,L,H,A
6xpx,C,B,A
6xpy,C,B,A
6xpz,C,B,A
6xq0,C,B,A
6xq2,E,F,D
6xq4,F,E,D
6yla,L,H,E
6z3p,L,H,C;A;B
6zdh,L,H,A
6zer,L,H,E
7a3o,L,H,A
7a3t,L,H,A
7a3u,L,H,A
7a5r,M,I,B
7a5s,L,H,A
7akj,L,H,A
7b0b,L,H,F
7b3o,L,H,E
7beh,L,H,E
7bei,L,H,E
7bej,L,H,E
7bek,L,H,E
7bel,D,C,X
7ben,I,G,C
7beo,L,H,R
7bep,F,D,C
7bnv,L,H,A
7bq5,L,H,A
7bsc,L,H,A
7bsd,L,H,I
7bwj,L,H,E
7bz5,L,H,A
7c01,L,H,A
7c2l,N,J,C
7cac,D,E,B;A
7cai,D,E,A
7cak,H,I,C
7cdi,L,H,E
7cdj,L,H,E
7ch4,L,H,R
7ch5,L,H,R
7chb,L,H,R
7chc,L,H,R
7che,L,H,R
7chf,B,A,R
7chh,K,J,C
7cho,L,H,E
7chp,L,H,E
7chs,L,H,E
7cjf,B,A,C
7cm4,L,H,A
7coe,L,H,A
7cr5,L,H,A
7cth,M,I,B
7cwt,J,I,C
7cwu,G,N,B
7cyh,D,E,A
7cyp,D,E,A
7czp,N,J,C
7czq,N,J,C
7czr,K,H,A
7czs,M,I,B
7czt,M,I,C
7czu,K,H,A
7czv,K,H,A
7czw,L,H,A
7czx,M,I,B
7czy,K,H,A
7czz,M,I,B
7d00,N,J,C
7d03,L,H,A
7d0b,L,H,A
7d0c,F,G,C
7d6i,C,B,A
7djz,B,A,C
7dk0,B,A,C
7dk2,E,D,F
7dpm,B,A,C
7dx4,L,H,E
7dzx,L,H,C
7dzy,P,O,A
7e3k,G,F,B
7e3l,L,H,C
7e3o,L,H,R
7e5o,L,H,A
7e5r,H,L,A
7e5s,Q,U,B
7e5y,B,C,A
7e7x,L,H,A
7e8c,J,M,A
7e8m,L,H,E
7e9n,L,H,A
7e9o,L,H,A
7e9p,L,H,B
7e9q,L,H,A
7eh5,L,H,A
7ej5,N,J,C
7ejy,L,H,R
7ejz,L,H,R
7ek0,L,H,R
7enf,O,P,B
7eng,L,H,B
7epx,L,H,A
7ey5,C,B,A
7ezv,N,M,A
7f3q,L,H,A
7f63,L,H,A
7f6y,L,H,R
7f6z,L,H,R
7f7e,L,C,E
7f7h,D,C,F
7fae,L,H,A
7faf,f,g,B
7fjc,L,H,E
7fjo,L,H,A
7fjs,A,C,B
7jie,D,C,B
7jmo,L,H,A
7jmp,L,H,A
7jmw,L,H,A
7jn5,L,H,F
7jvc,L,H,A
7jx3,L,H,R
7k37,I,J,C;D
7k39,I,J,C;D
7k3b,K,L,E;F
7k45,L,H,B
7k8m,B,A,E
7k8t,P,O,A
7k8u,L,H,A;B
7k90,N,M,A
7k9z,L,H,E
7kcr,L,H,C;A;E
7kdd,E,D,A
7kde,L,H,G
7kfh,J,G,A
7kfv,G,F,E
7kfw,D,C,B
7kfx,L,H,A
7kfy,L,H,A
7klg,M,I,B
7klh,L,H,A
7kmd,E,A,T
7kmg,B,A,C
7kmh,B,A,C
7kmi,B,A,C
7kml,N,J,C
7kn3,N,M,B
7kn4,N,M,B
7kqb,J,K,C
7kqe,M,J,C
7kqg,C,B,A
7kqh,L,H,B
7kzb,B,A,C
7l02,K,M,A
7l06,E,G,B
7l09,K,M,A
7l0n,N,M,S
7l2c,L,H,A
7l2d,L,H,A
7l56,L,H,A
7l5b,L,H,A
7l7d,L,H,E
7l7e,U,T,b
7l7r,A,B,G
7laa,L,H,A
7lab,X,Y,B
7lbf,E,F,A
7lbg,E,F,A
7lcn,D,B,A
7ld1,N,M,C
7ljr,T,S,A
7ll1,L,H,A
7ll2,J,I,C
7lm8,L,H,A
7lm9,L,H,A
7lo6,K,L,A
7lop,V,W,Z
7lq7,L,H,A
7lqv,L,H,A
7lrs,E,D,C
7lrt,G,F,B
7ls9,L,H,A
7lse,L,H,E
7lsf,L,H,E
7lsg,L,H,C
7lss,L,H,B
7luc,G,F,A
7lx3,L,H,A
7lxm,L,H,A
7lxn,L,H,A
7lxx,L,H,A
7lxz,J,H,A
7ly2,C,F,B
7ly3,E,F,B
7m30,L,H,B
7m3i,L,H,R
7m42,C,D,E
7m6d,B,A,C
7m6e,C,D,E
7m6g,L,H,C
7m71,L,H,A;B
7m7b,L,H,A
7m7w,D,C,S
7m8l,Q,N,E
7mfg,F,E,D;C
7mlz,L,H,A
7mm0,L,H,A
7mmn,E,D,B
7mmo,B,A,C
7msq,E,D,B
7mw2,G,F,B
7mw3,L,H,C
7mw4,G,F,B
7mw5,G,F,B
7mw6,E,D,A
7mzf,L,H,A
7mzg,L,H,A
7mzj,E,F,A
7mzk,L,H,A
7mzl,L,H,A
7mzm,L,H,A
7mzn,L,H,A
7n3c,L,H,C
7n3d,L,H,C
7n3i,L,H,C
7n4i,L,H,C
7n4j,L,H,A
7n4l,L,H,A
7n5h,L,H,A
7n62,L,H,A
7nd3,L,H,B
7nd5,L,H,B
7nd7,L,H,A
7nd8,L,H,B
7nd9,L,H,B
7nda,L,H,C;A
7neg,L,H,E
7neh,L,H,E
7np1,M,I,B
7ntc,L,H,C
7nx6,L,H,E
7nx7,L,H,E
7nx8,L,H,E
7nx9,B,A,E
7nxa,B,A,E
7nxb,B,A,E
7or9,L,H,E
7ora,L,H,C
7orb,F,E,X
7p40,B,F,A
7pc2,H,G,C
7pnm,E,I,C
7po5,L,H,A
7pqy,L,H,E
7pqz,L,H,E
7pr0,B,C,A
7pry,D,C,I
7prz,L,H,E
7ps0,L,H,E
7ps1,B,A,E
7ps2,L,H,G
7ps5,L,H,E
7ps6,L,H,E
7ps7,B,A,E
7q0g,L,H,E
7q0h,L,H,E
7q0i,L,H,C
7q6e,L,H,A
7q9f,K,J,C
7q9m,F,E,B
7qez,F,E,A
7qf0,L,H,A
7qf1,B,C,A
7qnw,B,A,E
7qnx,B,A,E
7qny,L,H,E
7qti,H,G,K
7qtj,C,B,A
7qtk,C,B,D
7r6w,B,A,R
7r6x,L,H,R
7r8l,L,H,E
7r8m,L,H,B
7r8n,N,M,E
7r8o,N,M,E
7ra8,D,C,B
7rbu,L,H,B
7rbv,l,h,A
7rdw,I,G,N
7rfb,B,A,C
7rfc,B,A,C
7rks,L,H,R
7rku,K,J,B;C
7rkv,H,D,B
7rr0,C,B,A
7s07,L,H,A
7s0b,D,C,E
7s0c,L,H,A
7s0d,L,H,C
7s1b,L,H,A
7s4s,L,H,A
7s5p,L,H,A
7s5q,C,B,A
7s5r,L,H,A
7s6k,G,F,E
7s8h,L,H,a
7sbu,L,H,A
7sc1,Q,P,C
7sd3,N,K,B
7sd5,L,H,A
7sem,C,B,F
7sfv,N,M,B
7sfw,R,Q,H
7sg4,L,H,A
7si2,F,G,C
7sj0,L,B,A
7sob,I,G,A
7sod,L,H,A
7str,L,H,C
7sts,B,A,D
7sue,L,H,C
7swp,L,H,A
7sx6,L,H,G
7t01,L,H,A
7t3d,Q,O,G
7t5o,L,H,C
7t72,L,H,A
7t7b,L,H,A
7tb8,K,J,C
7tbf,L,H,A
7tca,L,H,B
7tcc,N,M,C
7the,C,B,A
7tht,L,H,C
7tjq,B,A,C
7tl0,E,D,A
7tly,B,A,I
7tm0,D,E,C
7tn0,N,M,S
7ttm,L,H,A
7ttx,L,H,A
7tty,L,H,A
7tyv,L,H,C;c
7tz5,N,H,C
7u0x,G,F,C
7u2d,L,H,A
7u2e,L,H,A
7u8e,L,H,A
7u9g,D,G,B
7u9o,L,H,A
7u9p,L,H,A
7uap,N,M,B
7ucf,E,D,G
7ucg,E,D,G
7uds,E,D,B;b
7ugq,J,G,A
7ul0,L,H,A
7ul1,L,H,A
7ul7,L,H,a
7uov,L,H,A
7uow,L,H,A
7upl,D,E,B
7ur4,G,F,B
7urq,L,H,A
7urs,L,H,A
7v26,f,e,E
7v27,A,B,C
7v3h,H,G,A
7v3l,E,D,A
7v5j,D,E,A
7v5k,D,E,A
7v6n,D,E,A
7vng,L,H,D
7vyr,L,H,R
7wbz,L,H,A
7wcd,F,E,H
7wch,E,D,A
7wck,B,A,R
7we7,L,H,D
7we8,L,H,A;C;B
7wea,I,G,B
7web,I,G,D
7wec,K,I,C
7wef,L,C,E
7wh8,A,B,C
7whb,E,D,A
7whd,E,D,C
7whz,D,B,A
7wjy,F,E,D
7wjz,C,A,B
7wk0,B,A,C
7wlc,L,H,E
7wm0,L,H,B
7wn2,L,H,R
7wnb,L,H,R
7wo4,E,D,B
7wo5,E,D,B
7wo7,B,A,C
7woa,B,D,A
7wob,B,D,A
7woc,B,A,C
7won,L,H,F
7wp2,L,H,F
7wph,D,E,A
7wr8,B,A,R
7ws2,D,E,A
7ws5,H,I,C
7ws7,F,G,B
7wtf,L,H,B
7wti,L,H,A
7wtj,L,H,E
7wtk,L,H,C
7wur,F,E,A
7wwi,D,E,A
7wwk,F,G,B
7wwm,M,I,B
7x08,L,H,A
7x1m,B,A,M
7x25,C,A,G
7x26,K,H,I
7x28,D,C,F
7x29,G,F,C
7x2a,K,H,A
7x2h,B,A,E
7x63,L,H,R
7x66,L,H,R
7x6a,L,H,B
7x6l,J,G,E;A
7x6o,L,J,H;F
7x90,F,E,G
7x91,L,H,A
7x92,L,H,A
7x94,L,H,A
7xck,B,A,M
7xco,L,H,A
7xcp,L,H,B
7xcz,E,D,A
7xda,C,B,A
7xdb,E,D,A
7xdk,G,F,A
7xdl,D,E,B
7xh8,C,B,A
7xik,L,H,A
7xil,L,H,A
7xj8,F,G,B
7xmz,L,H,C
7xnf,L,H,A
7xs8,L,A,E
7xsa,C,B,E
7xsb,L,H,E
7xsc,B,A,E
7xsw,L,H,R
7xxl,C,A,B
7y0c,B,A,R
7y0v,L,H,R
7yad,B,A,M
7yck,D,C,A
7ycl,B,A,R
7ycn,L,K,J
7yow,L,H,R
7yqx,F,H,B
7yqz,G,I,A
7z0x,L,H,R
7z0y,L,H,R
7zbu,L,H,A
7zf3,B,A,E
7zf8,L,H,E
7zf9,L,H,E
7zfd,B,A,F
7zjl,i,j,B
8a99,O,R,A
8bbn,N,M,Y
8bbo,L,H,R
8bcz,L,H,R
8bse,L,H,A
8cw9,B,J,E
8cwi,L,H,A
8cwj,L,H,G
8cwk,L,H,C
8d21,L,H,B;A
8d48,L,H,A
8dcc,L,H,E
8ddk,B,A,C
8df5,B,A,R
8dg8,L,H,B
8dim,C,B,A
8dlr,L,H,A
8dls,L,H,A
8dm3,L,H,A
8dmh,E,F,a;A
8dnn,C,B,A
8dw2,C,D,B
8dw3,C,D,B
8dw9,D,C,B
8dwa,L,H,A
8dxs,L,H,A
8dxt,L,H,R
8dxu,L,H,R
8dzh,D,E,A
8dzi,L,H,C
8err,L,H,A
8euq,D,C,A;B
8gpx,L,H,E
8gv5,D,C,B;A
8gv6,H,G,D;C
8gv7,D,C,B;A
8hc3,L,H,B
8hc4,E,D,A
8hc5,L,H,C
8hc6,L,H,C
8hc7,L,H,C
8hc8,L,H,C
8hca,E,D,B
8hcb,E,D,B
8hhx,G,F,B
8hhz,F,E,B
8hn7,A,B,E
8i5h,L,H,R
8i5i,L,H,R
8saq,D,C,A
8sar,D,C,A
8sav,D,C,A
8sax,D,C,A
8say,D,C,A
8sb1,D,C,A
8sb2,D,C,A
8sb3,D,C,A
8sb5,D,C,A
